Nb,Name,Label,Type,AtCenter,CMx (pix),CMy (pix),CMz (pix),CMx (unit),CMy (unit),CMz (unit),IntDen,Min,Max,Mean,Sigma,
0,obj1-val1,1,0,4.0,89.70276310018588,37.894133372318876,13.974081577243583,20.909749610590843,8.833137499238083,28.146065175250616,47881.0,0.0,15.0,8.501598011363637,3.7534565994970404,
1,obj2-val3,3,0,5.0,35.88479733249974,49.351318120245914,16.069688444305513,8.36476047244316,11.503811802256719,32.36695705540682,47985.0,0.0,15.0,9.928615766604594,3.3248628301474428,
2,obj3-val4,4,0,2.0,86.06219469026549,62.7129203539823,16.530300884955754,20.061131672181936,14.61840657557157,33.29470516560715,28250.0,0.0,15.0,7.489395546129375,3.628117888352864,
3,obj4-val5,5,0,15.0,28.51686980385826,68.15146500928243,15.643151182500606,6.647293647025456,15.886133488970374,31.507841878207323,24778.0,0.0,15.0,6.050793650793651,3.226714141750592,
4,obj5-val6,6,0,6.0,105.8292912961466,29.241478038264617,18.87924413904608,24.668849720908103,6.816200113488336,38.02585758926665,29688.0,0.0,15.0,6.652027784001793,3.080155797595611,
5,obj6-val7,7,0,13.0,65.82256363219444,56.69007108461362,15.79380875945884,15.343265655475856,13.214478025185945,31.81129065634507,21805.0,3.0,15.0,10.428024868483979,3.4260414016041403,
6,obj7-val8,8,0,8.0,60.82097137956227,63.254661541882406,17.44909628029605,14.177392520219078,14.744686661058834,35.14530800751994,31481.0,0.0,15.0,9.138171262699565,3.667995370027038,
7,obj8-val10,10,0,15.0,60.71800509141402,73.92976162925248,17.855704697986578,14.153391037666001,17.23305671991204,35.96428326266372,25926.0,0.0,15.0,8.573412698412698,4.447425165087998,
8,obj9-val11,11,0,7.0,76.41541777523322,23.102212642710402,20.28649850133028,17.812464152127202,5.385134917975561,40.86029595861956,29693.0,2.0,15.0,10.371288857841424,3.5457635051454814,
