Nb,Name,Label,Type,AtCenter,CMx (pix),CMy (pix),CMz (pix),CMx (unit),CMy (unit),CMz (unit),IntDen,Min,Max,Mean,Sigma,
0,obj1-val1,1,0,6.0,46.50226477974137,41.07308315144688,6.70187049684339,12.581767979618357,11.112835146132657,13.498653400408386,42609.0,0.0,15.0,9.911374738311235,2.8241148036543726,
1,obj2-val2,2,0,4.0,53.55236929533135,75.49431718831964,4.010141633152649,14.489261725726312,20.42592951423203,8.077075201314532,5719.0,0.0,15.0,4.722543352601156,3.089942972871561,
2,obj3-val3,3,0,0.0,62.95659714298754,42.065035826753686,6.307425494044088,17.033692913478326,11.381220319770673,12.704177234266599,21911.0,0.0,15.0,7.281821203057494,4.361682451735379,
3,obj4-val4,4,0,0.0,20.542818013373076,41.786191895593326,7.6971723193426245,5.558115741588233,11.305775614851425,15.503352586559478,24826.0,0.0,15.0,7.631724561942822,3.771486456803504,
4,obj5-val5,5,0,12.0,35.97469387755102,56.73357142857143,3.791190476190476,9.733402311672558,15.34997565710736,7.636072084223138,29400.0,0.0,15.0,10.290514525726286,3.58660717540809,
5,obj6-val6,6,0,2.0,31.28415665331553,6.2049399198931905,3.118602581219404,8.464318938322451,1.678823918992834,6.281371052652766,4494.0,0.0,7.0,3.2898975109809663,1.0945086326737963,
6,obj7-val7,7,0,6.0,24.62551002914452,19.37932453283045,6.133001885822047,6.6627390092501315,5.243318062651028,12.352859817234007,29165.0,0.0,15.0,9.43545778065351,3.7238787686026127,
7,obj8-val10,10,0,3.0,49.138750668256776,58.05243245466135,11.403873833120862,13.295102134158073,15.706809964129192,22.969250206757966,24317.0,0.0,15.0,9.087070254110612,3.5456284855164264,
