Nb,Name,Label,Type,AtCenter,CMx (pix),CMy (pix),CMz (pix),CMx (unit),CMy (unit),CMz (unit),IntDen,Min,Max,Mean,Sigma,
0,obj1-val1,1,0,13.0,69.63003470396467,65.0760858134399,10.687138500368073,16.230788670473355,15.169261380238707,21.525629080206322,57054.0,0.0,15.0,6.947637603507063,3.142332274200861,
1,obj2-val2,2,0,8.0,50.56877430505545,45.814316577848196,6.945095779922224,11.787601321179352,10.679335341690962,13.988548541778815,34715.0,1.0,15.0,8.283225960391315,3.340673291326642,
2,obj3-val3,3,0,8.0,39.44612984311346,33.84733177313571,7.791005749617174,9.194908491337749,7.889826443500009,15.692348323383118,69222.0,0.0,15.0,10.935545023696683,3.0121076150544015,
3,obj4-val4,4,0,5.0,86.76954314720813,46.3693927429968,4.964316600864824,20.226014877681298,10.808723815656936,9.998938236202939,26595.0,0.0,15.0,6.312603845240921,2.6976168977140382,
4,obj5-val7,7,0,12.0,26.926602888180238,45.79196805890436,8.852998366648519,6.2766017990642515,10.674125893072738,17.831373578772766,38571.0,0.0,15.0,10.489801468588523,3.200536694786804,
5,obj6-val9,9,0,12.0,57.79999293261246,65.16152514223117,10.298243754196262,13.473201247602846,15.18917732162311,20.742332030481826,28299.0,0.0,15.0,7.564554931836407,3.734635547079316,
6,obj7-val10,10,0,7.0,78.69605535002162,31.098592226012588,11.248834862826119,18.344081674188033,7.249094166269252,22.65697659231694,20813.0,0.0,15.0,5.347636176772867,2.5660460246603085,
7,obj8-val11,11,0,13.0,51.26217684248019,58.73467691668398,13.88014603306521,11.949233727315006,13.691076454525257,27.956863764474353,33691.0,0.0,15.0,9.979561611374407,4.464098424216452,
