Nb,Name,Label,Type,AtCenter,CMx (pix),CMy (pix),CMz (pix),CMx (unit),CMy (unit),CMz (unit),IntDen,Min,Max,Mean,Sigma,
0,obj1-val1,1,0,32.0,67.66053133315175,59.07265324366039,8.916745235251804,15.7716966546018,13.769858870218417,17.959770104047674,286374.0,0.0,253.0,34.87262542620555,35.70035031094821,
1,obj2-val2,2,0,40.0,51.52784366442066,46.943768296273255,6.920249079284313,12.01116076874195,10.942610984640144,13.938503259612764,180023.0,5.0,230.0,42.95466475781436,24.788496188164395,
2,obj3-val3,3,0,45.0,39.83235022244685,34.005918615708936,7.8188737339814995,9.28493661474515,7.926793099321268,15.748478960655088,300746.0,4.0,120.0,47.51121642969984,17.946936865099367,
3,obj4-val4,4,0,26.0,86.64730852601156,43.77930816473989,4.951668623554913,20.197521939062327,10.204974074513315,9.973463159953237,88576.0,0.0,150.0,21.024448136719677,16.798951388962838,
4,obj5-val7,7,0,62.0,28.58074140414673,46.44121693435698,8.851827074037907,6.662182142352718,10.825466063113094,17.829014405615276,185351.0,0.0,150.0,50.40821321729671,22.96186145763868,
5,obj6-val9,9,0,64.0,56.35399152644311,66.21745231953597,9.948537175391936,13.136137747052764,15.435314364913536,20.03796630134015,149642.0,1.0,171.0,40.00053461641272,24.970313919817183,
6,obj7-val10,10,0,25.0,80.39216073038774,34.58022430117223,11.542450969341749,18.73944451019144,8.060663982089553,23.24836701928784,70976.0,0.0,154.0,18.236382322713258,16.885394821527726,
7,obj8-val11,11,0,74.0,50.39698792579907,58.534322966885895,13.816699526530142,11.747557848128816,13.64437386946562,27.829072217086644,138974.0,0.0,170.0,41.165284360189574,23.588093489454874,
