Nb,Name,Label,Type,AtCenter,CMx (pix),CMy (pix),CMz (pix),CMx (unit),CMy (unit),CMz (unit),IntDen,Min,Max,Mean,Sigma,
0,obj1-val1,1,0,2.0,89.58134873079857,38.8661727857065,13.912953480771327,20.88144787299352,9.059720271530844,28.022943281490605,45895.0,0.0,77.0,8.148970170454545,6.144272874323264,
1,obj2-val3,3,0,5.0,38.28436064502489,51.85337023583002,16.754425416594593,8.924099631077805,12.087041141480992,33.74612829778294,52029.0,0.0,64.0,10.76536312849162,7.1583890284445815,
2,obj3-val4,4,0,17.0,76.97422731570232,59.300413177812715,18.88949713491744,17.9427228773592,13.822949801086743,38.04650878472746,191443.0,0.0,255.0,50.75371155885472,76.12309149755829,
3,obj4-val5,5,0,16.0,45.174366326819595,64.77794888133673,18.865902010761825,10.530162684687099,15.09976554327118,37.99898438044864,56496.0,0.0,255.0,13.796336996336997,38.40976757928396,
4,obj5-val6,6,0,10.0,94.26776593814006,35.88125793990304,20.097275154909127,21.97385358034984,8.36393543862689,40.47916947015524,38571.0,0.0,175.0,8.642393009186646,19.907052391718835,
5,obj6-val7,7,0,25.0,69.79995297524394,58.00240692501408,16.76605802607399,16.270396686814454,13.520384029409364,33.7695582586541,161617.0,2.0,255.0,77.29172644667624,83.25003569655262,
6,obj7-val8,8,0,83.0,60.60617808809846,57.17455916727815,18.713350933861854,14.127324118897628,13.32741238916441,37.69172178653524,264386.0,1.0,255.0,76.74484760522496,69.97715887724412,
7,obj8-val10,10,0,250.0,61.08701145825459,71.13695548091911,18.08866017977544,14.239406567942726,16.58205250048406,36.43349335973649,277791.0,0.0,255.0,91.86210317460318,103.19297028280029,
8,obj9-val11,11,0,4.0,76.63691097135704,27.56412625555125,20.885696402491728,17.86409430387878,6.425208748526224,42.06717764781964,33551.0,0.0,73.0,11.71882640586797,9.342849582152025,
