Nb,Name,Label,Type,AtCenter,CMx (pix),CMy (pix),CMz (pix),CMx (unit),CMy (unit),CMz (unit),IntDen,Min,Max,Mean,Sigma,
0,obj1-val1,1,0,10.0,68.38535533776562,57.24210612126592,8.273391786380682,15.94065341718552,13.343157610894815,16.66395198515698,110402.0,0.0,250.0,13.443984413054068,23.179120243259717,
1,obj2-val2,2,0,12.0,49.85412565349465,44.570055930015776,7.059189340703753,11.621016437422837,10.389297691820246,14.218351465146805,76703.0,0.0,153.0,18.301837270341206,16.639811763532066,
2,obj3-val3,3,0,21.0,42.53284180751663,35.221959456848516,9.180264774755976,9.914422272909897,8.210252701073806,18.490541167093056,129393.0,1.0,164.0,20.44123222748815,18.04164105285372,
3,obj4-val4,4,0,6.0,85.7638395792242,48.15414201183432,4.980769230769231,19.991584977617514,11.224749577175537,10.032076499425033,30420.0,0.0,117.0,7.220507951578448,6.262350534332808,
4,obj5-val7,7,0,110.0,31.717555518421875,49.06933000844077,9.638375087299853,7.393374754905861,11.438080261697333,19.413249585749487,233391.0,0.0,242.0,63.47321185749252,50.346569870852164,
5,obj6-val9,9,0,41.0,56.422375256735535,62.88284805283718,10.100398695179413,13.152078021671237,14.658016789484279,20.34384001546756,49662.0,0.0,218.0,13.275060144346432,14.685945508694687,
6,obj7-val10,10,0,6.0,79.96013904982618,35.27902665121669,11.572819069690448,18.638740085325512,8.22355508668577,23.3095332953639,30205.0,0.0,154.0,7.760791366906475,8.658255067733696,
7,obj8-val11,11,0,11.0,47.07621406266825,57.05950253041887,13.663572736082696,10.973484145249579,13.300592641537715,27.520650042778648,46435.0,0.0,118.0,13.754443127962086,13.42686564293787,
