Nb,Name,Label,Type,AtCenter,CMx (pix),CMy (pix),CMz (pix),CMx (unit),CMy (unit),CMz (unit),IntDen,Min,Max,Mean,Sigma,
0,obj1-val1,1,0,34.0,50.41269178541884,35.088151055892865,6.299431082114595,13.639782799320251,9.493537089216588,12.688075192929462,256276.0,0.0,254.0,59.61293324028844,64.59461935005905,
1,obj2-val2,2,0,6.0,43.93483412322275,79.77132701421802,2.889218009478673,11.887117579749034,21.58312789007209,5.819353347179697,1688.0,0.0,12.0,1.393889347646573,2.031388968529894,
2,obj3-val3,3,0,14.0,58.74328693940672,41.09426402361873,5.791473358639111,15.893729265284,11.118565895388297,11.664966009532737,28452.0,0.0,229.0,9.455633100697906,17.05853041091857,
3,obj4-val4,4,0,6.0,23.04447845425415,37.821225309675256,8.073843799320867,6.234971188952758,10.233004431184398,16.262029997058534,20909.0,0.0,76.0,6.42760528742699,6.986197097913466,
4,obj5-val5,5,0,115.0,42.68972716427201,53.103649048187144,5.215376834898076,11.55023835587624,14.367854863844071,10.50461423866173,77116.0,0.0,249.0,26.991949597479874,47.34375309982607,
5,obj6-val6,6,0,1.0,23.24546114742193,11.437908496732026,2.1147421931735657,6.289349564400345,3.094668863110545,4.2594335283432905,1377.0,0.0,25.0,1.0080527086383602,2.617343033865971,
6,obj7-val7,7,0,8.0,31.999765467423426,26.28605938364839,3.1330503306909327,8.65793583216453,7.112021357024611,6.310471161737827,42638.0,0.0,121.0,13.794241345842769,17.55134066275793,
7,obj8-val10,10,0,7.0,48.15310229954194,55.406838476842644,11.099477166520149,13.028422669332052,14.991011502380042,22.356145984493747,21613.0,0.0,63.0,8.07660687593423,6.371880269170791,
