Nb,Name,Label,Type,AtCenter,CMx (pix),CMy (pix),CMz (pix),CMx (unit),CMy (unit),CMz (unit),IntDen,Min,Max,Mean,Sigma,
0,obj1-val1,1,0,36.0,47.52241198131452,39.05969022367829,7.300972245525109,12.857781534141878,10.568086566918836,14.70534142293018,226486.0,1.0,161.0,52.68341474761572,22.052109103916013,
1,obj2-val2,2,0,31.0,47.99304934961771,79.91410982027604,3.2894449409194717,12.985118346629958,21.621759559858713,6.625475254723712,10071.0,0.0,123.0,8.31626754748142,14.575816876852313,
2,obj3-val3,3,0,17.0,61.88704856787049,40.09462243858259,7.76782520095098,16.744313200924697,10.848100391282745,15.645658941333192,88330.0,0.0,186.0,29.35526753074111,36.63957582939507,
3,obj4-val4,4,0,9.0,23.80216474557211,36.004901133914345,9.240605379064755,6.439972669286102,9.741575261800135,18.612076924001375,106710.0,0.0,148.0,32.80356593913311,31.816072153940816,
4,obj5-val5,5,0,47.0,37.330320429432255,55.42814635386295,3.8818537956608203,10.100183990448132,14.996776614382167,7.818682704084728,133758.0,2.0,196.0,46.8176408820441,27.135888402456942,
5,obj6-val6,6,0,1.0,27.84287317620651,8.664141414141413,2.760942760942761,7.533236754128651,2.34419156855388,5.56098620614749,3564.0,0.0,26.0,2.609077598828697,2.944573134331114,
6,obj7-val7,7,0,33.0,26.34555673503431,19.74925124161201,5.3282594684763245,7.128119107834924,5.343406349563478,10.731978158378737,105508.0,0.0,165.0,34.13393723714008,25.589139522137867,
7,obj8-val10,10,0,13.0,50.44423937759378,57.53769208022759,11.065523957133097,13.64831839402603,15.567540533026369,22.28775871775035,98071.0,0.0,200.0,36.648355754857995,26.35532968685696,
