Nb,Name,Label,Type,AtCenter,CMx (pix),CMy (pix),CMz (pix),CMx (unit),CMy (unit),CMz (unit),IntDen,Min,Max,Mean,Sigma,
0,obj1-val1,1,0,5.0,92.3173419361394,39.78104503772195,13.66261589656311,21.519208972905904,9.272977355863409,27.518722812904425,196835.0,0.0,207.0,34.94939630681818,32.34915563583029,
1,obj2-val3,3,0,15.0,38.36386544979523,51.31465365061432,17.392939733088546,8.942632232562222,11.96146609207753,35.03219961975345,226592.0,0.0,242.0,46.8843368508173,37.539648863794284,
2,obj3-val4,4,0,26.0,78.45660581453932,62.741235219156565,17.848813087158817,18.288265892619346,14.62500678185942,35.95040244148428,134972.0,0.0,247.0,35.78260869565217,43.51844599295326,
3,obj4-val5,5,0,54.0,37.16311611427546,65.32584353649968,17.319161023157076,8.662737086826743,15.227480004414847,34.88359734011178,66891.0,0.0,207.0,16.334798534798534,28.410539712979794,
4,obj5-val6,6,0,22.0,99.52595022758172,34.89829757049122,20.015945498610865,23.19953842102494,8.134806987159019,40.31535836069533,67668.0,0.0,160.0,15.161998655612816,22.369677737163386,
5,obj6-val7,7,0,112.0,66.36204341234956,56.71721842526487,16.04220127543891,15.469018605922003,13.220806081045016,32.31159344226874,118077.0,1.0,165.0,56.46915351506456,31.029425457319547,
6,obj7-val8,8,0,53.0,61.459810297795386,64.31071586665607,16.90862588863792,14.326306125108104,14.990853342474615,34.056713040844244,264309.0,1.0,252.0,76.72249637155298,54.49391463679479,
7,obj8-val10,10,0,207.0,61.86864774590476,71.91978558049108,18.097255288151597,14.42160629620598,16.764530506779163,36.45080530107635,196997.0,0.0,254.0,65.14451058201058,72.40824060561259,
8,obj9-val11,11,0,10.0,75.04604312732766,27.408033028057943,21.248631562205937,17.493262379280843,6.388823355367835,42.798187882963916,150902.0,0.0,203.0,52.707649318896266,41.68824725192673,
