Nb,Name,Label,Type,AtCenter,CMx (pix),CMy (pix),CMz (pix),CMx (unit),CMy (unit),CMz (unit),IntDen,Min,Max,Mean,Sigma,
0,obj1-val1,1,0,16.0,68.7257291133689,57.81184123967546,8.169293180323075,16.01999467910325,13.475963092672435,16.454280520556296,136810.0,0.0,255.0,16.65976619581101,30.785659596214167,
1,obj2-val2,2,0,20.0,53.392950687146325,47.369781729991914,6.523492320129345,12.445917954522189,11.04191488478708,13.139370841487889,61850.0,0.0,241.0,14.757814364113576,18.881929217472607,
2,obj3-val3,3,0,14.0,39.7866484613909,34.186720680666674,7.966011803337885,9.274283516140198,7.968938132279971,16.044838880051113,88619.0,0.0,135.0,13.999842022116903,7.147244886738523,
3,obj4-val4,4,0,4.0,86.04898876404495,46.51289887640449,5.00578277153558,20.058053365548965,10.842175152198125,10.082457824650724,33375.0,0.0,69.0,7.921908378827439,5.437797002763664,
4,obj5-val7,7,0,5.0,27.0458512390436,45.490127406622115,8.602408041951422,6.304398636885668,10.6037667174644,17.326644049878535,52823.0,0.0,79.0,14.365787326624966,8.08522033251223,
5,obj6-val9,9,0,10.0,57.134974178661686,63.792088781452584,10.232699703329304,13.318185112638002,14.869961163481603,20.610315688845784,45505.0,0.0,93.0,12.163859930499866,7.589335218197447,
6,obj7-val10,10,0,6.0,79.41326199740597,34.181874189364464,11.450518806744487,18.511262827784257,7.9678084132376945,23.063200743718216,30840.0,0.0,90.0,7.923946557040082,6.575022012463166,
7,obj8-val11,11,0,9.0,50.52024409143743,58.439558310732274,13.85739538938396,11.776288909161808,13.62228419057922,27.911040280741855,41296.0,0.0,124.0,12.23222748815166,8.05172047221911,
