Nb,Name,Label,Type,AtCenter,CMx (pix),CMy (pix),CMz (pix),CMx (unit),CMy (unit),CMz (unit),IntDen,Min,Max,Mean,Sigma,
0,obj1-val1,1,0,83.0,48.24753615799961,39.02204161264311,6.770409876446381,13.053972928059498,10.557900265433455,13.63670281959301,408001.0,3.0,237.0,94.90602465689695,42.76429069744527,
1,obj2-val2,2,0,48.0,41.30853882209089,82.50346443855716,2.5509476258406356,11.1765406157815,22.32234176114451,5.138021968648324,9814.0,0.0,87.0,8.104046242774567,14.773689204301608,
2,obj3-val3,3,0,31.0,58.98873036806138,42.47046431568671,6.392339048075771,15.960137047487336,11.490914056285305,12.87520689462939,116774.0,0.0,208.0,38.808241940844134,42.72457233237096,
3,obj4-val4,4,0,16.0,23.07097485663873,37.16201293927364,8.519247169533893,6.242140121233292,10.054646298887565,17.15914457435621,136020.0,0.0,159.0,41.81371042114971,34.027894951712454,
4,obj5-val5,5,0,157.0,35.66063766226712,55.255313852226024,3.5825412344069667,9.64843048391374,14.9500146245042,7.215818694006156,220932.0,7.0,218.0,77.33006650332517,36.42732753891271,
5,obj6-val6,6,0,1.0,21.891916859122404,12.16674364896074,1.764203233256351,5.923131268018759,3.291864307766101,3.5533912487303336,4330.0,0.0,52.0,3.169838945827233,7.62762462434669,
6,obj7-val7,7,0,53.0,26.964831834085395,21.066457454169793,4.908817137232353,7.295671713040731,5.699792926135847,9.887153321254766,205214.0,0.0,193.0,66.39081203494015,40.807861016377366,
7,obj8-val10,10,0,14.0,49.36536484694398,56.844950838453514,11.11429176769698,13.356415427836113,15.38011074621497,22.385984992371547,127437.0,0.0,146.0,47.62219730941704,26.56858549363596,
