Nb,Name,Label,Type,AtCenter,CMx (pix),CMy (pix),CMz (pix),CMx (unit),CMy (unit),CMz (unit),IntDen,Min,Max,Mean,Sigma,
0,obj1-val1,1,0,5.0,89.48666473210753,40.28524320800154,13.313315671059623,20.859376995393596,9.390506149072259,26.8151755451712,265349.0,0.0,234.0,47.11452414772727,34.63541529826222,
1,obj2-val3,3,0,17.0,36.605567443068864,51.657709676760184,16.387482010608267,8.532772270719272,12.041432587659196,33.00704480500166,342563.0,0.0,243.0,70.87999172356714,40.131448944322855,
2,obj3-val4,4,0,21.0,78.82808572079293,60.28034154244142,17.9272181136097,18.374858005913044,14.05137149103867,36.10832287241604,232709.0,0.0,251.0,61.69379639448569,66.45604624033498,
3,obj4-val5,5,0,108.0,37.72826842262003,65.33221931769299,17.431579034446244,8.794474313762931,15.228966201536503,35.110025435233936,120884.0,0.0,254.0,29.51990231990232,48.206561042993144,
4,obj5-val6,6,0,22.0,99.58374032893431,34.40626505568834,19.784161652040016,23.21300931654132,8.020114013060695,39.84850812684688,105857.0,0.0,210.0,23.718799014116065,31.38102506883493,
5,obj6-val7,7,0,138.0,67.13298764351917,57.257260129440674,16.184433664869594,15.648726011584433,13.346690016202967,32.598072527196,233157.0,10.0,254.0,111.50502152080344,61.512494149520165,
6,obj7-val8,8,0,144.0,60.884187244684504,61.46803884791305,17.677398731707775,14.192128163419348,14.328224203399923,35.60514614726346,425454.0,5.0,254.0,123.49898403483309,65.66176407066959,
7,obj8-val10,10,0,239.0,60.83634009379214,71.29338557425882,18.048945677041054,14.180974973593722,16.61851641720468,36.35350191441782,298106.0,0.0,255.0,98.58002645502646,99.1247416177879,
8,obj9-val11,11,0,37.0,75.9529938612057,25.392091506402572,20.721062538966954,17.7046729545978,5.9189065881404055,41.735578363300824,166808.0,2.0,172.0,58.26336011177087,31.946405517103422,
